0,"['A', 'ADI']"
1,"['A', 'AJG']"
2,"['A', 'ELV']"
3,"['A', 'ETN']"
4,"['A', 'GOOG']"
5,"['A', 'IEX']"
6,"['A', 'ILMN']"
7,"['A', 'JBHT']"
8,"['A', 'KMX']"
9,"['A', 'LH']"
10,"['A', 'MCK']"
11,"['AAL', 'APA']"
12,"['AAL', 'BDX']"
13,"['AAL', 'COP']"
14,"['AAL', 'CVX']"
15,"['AAPL', 'CRM']"
16,"['AAPL', 'ILMN']"
17,"['AAPL', 'ITW']"
18,"['AAPL', 'LOW']"
19,"['ABBV', 'BDX']"
20,"['ABBV', 'COR']"
21,"['ABBV', 'DGX']"
22,"['ABBV', 'DLR']"
23,"['ABBV', 'EA']"
24,"['ABBV', 'JNJ']"
25,"['ABBV', 'MCHP']"
26,"['ABT', 'AKAM']"
27,"['ABT', 'AON']"
28,"['ABT', 'BBY']"
29,"['ABT', 'CDAY']"
30,"['ABT', 'COR']"
31,"['ABT', 'CSGP']"
32,"['ABT', 'DGX']"
33,"['ABT', 'DHI']"
34,"['ABT', 'DLR']"
35,"['ABT', 'EA']"
36,"['ABT', 'ECL']"
37,"['ABT', 'FMC']"
38,"['ABT', 'ICE']"
39,"['ABT', 'LEN']"
40,"['ABT', 'MCHP']"
41,"['ABT', 'MCK']"
42,"['ACGL', 'BDX']"
43,"['ACGL', 'DLTR']"
44,"['ACGL', 'ED']"
45,"['ACGL', 'EIX']"
46,"['ACGL', 'EVRG']"
47,"['ACGL', 'GL']"
48,"['ACGL', 'IBM']"
49,"['ACGL', 'KIM']"
50,"['ACGL', 'LVS']"
51,"['ACN', 'AXON']"
52,"['ACN', 'COO']"
53,"['ACN', 'DHR']"
54,"['ACN', 'ELV']"
55,"['ACN', 'HD']"
56,"['ACN', 'ILMN']"
57,"['ACN', 'ISRG']"
58,"['ACN', 'LIN']"
59,"['ACN', 'META']"
60,"['ADBE', 'BIO']"
61,"['ADBE', 'CHTR']"
62,"['ADI', 'AJG']"
63,"['ADI', 'AME']"
64,"['ADI', 'AON']"
65,"['ADI', 'ARE']"
66,"['ADI', 'AWK']"
67,"['ADI', 'DOV']"
68,"['ADI', 'ECL']"
69,"['ADI', 'ELV']"
70,"['ADI', 'ETN']"
71,"['ADI', 'GOOG']"
72,"['ADI', 'GOOGL']"
73,"['ADI', 'GRMN']"
74,"['ADI', 'HON']"
75,"['ADI', 'HUBB']"
76,"['ADI', 'IEX']"
77,"['ADI', 'ILMN']"
78,"['ADI', 'J']"
79,"['ADI', 'KEYS']"
80,"['ADI', 'KMX']"
81,"['ADI', 'MAA']"
82,"['ADI', 'MCK']"
83,"['ADM', 'AOS']"
84,"['ADM', 'BDX']"
85,"['ADM', 'CHRW']"
86,"['ADM', 'IBM']"
87,"['ADM', 'IFF']"
88,"['ADM', 'IP']"
89,"['ADM', 'LKQ']"
90,"['ADP', 'AXP']"
91,"['ADP', 'DFS']"
92,"['ADP', 'EG']"
93,"['ADP', 'EXR']"
94,"['ADP', 'HLT']"
95,"['ADP', 'JPM']"
96,"['ADP', 'KMX']"
97,"['ADP', 'LHX']"
98,"['ADP', 'MAA']"
99,"['ADSK', 'ENPH']"
100,"['ADSK', 'ETSY']"
101,"['ADSK', 'HUM']"
102,"['ADSK', 'ILMN']"
103,"['ADSK', 'META']"
104,"['AEE', 'BAX']"
105,"['AEE', 'BDX']"
106,"['AEE', 'CAH']"
107,"['AEE', 'CPRT']"
108,"['AEE', 'IBM']"
109,"['AEE', 'INCY']"
110,"['AEE', 'INTC']"
111,"['AEE', 'INVH']"
112,"['AEE', 'LNT']"
113,"['AEE', 'LVS']"
114,"['AEE', 'MDLZ']"
115,"['AEP', 'BAX']"
116,"['AEP', 'BDX']"
117,"['AEP', 'GL']"
118,"['AEP', 'IBM']"
119,"['AEP', 'INCY']"
120,"['AEP', 'LVS']"
121,"['AES', 'BDX']"
122,"['AES', 'BWA']"
123,"['AES', 'CAH']"
124,"['AES', 'CSX']"
125,"['AES', 'DLTR']"
126,"['AES', 'DTE']"
127,"['AES', 'DUK']"
128,"['AES', 'GL']"
129,"['AES', 'HSIC']"
130,"['AES', 'IBM']"
131,"['AES', 'IFF']"
132,"['AES', 'KDP']"
133,"['AES', 'LVS']"
134,"['AES', 'LW']"
135,"['AFL', 'BDX']"
136,"['AFL', 'C']"
137,"['AFL', 'CF']"
138,"['AFL', 'DLTR']"
139,"['AFL', 'DVN']"
140,"['AFL', 'GL']"
141,"['AFL', 'HAS']"
142,"['AFL', 'HSIC']"
143,"['AFL', 'IBM']"
144,"['AFL', 'IFF']"
145,"['AFL', 'LVS']"
146,"['AIG', 'BDX']"
147,"['AIG', 'C']"
148,"['AIG', 'CF']"
149,"['AIG', 'DLTR']"
150,"['AIG', 'EQR']"
151,"['AIG', 'HAS']"
152,"['AIG', 'IBM']"
153,"['AIG', 'LUV']"
154,"['AIZ', 'ALLE']"
155,"['AIZ', 'AME']"
156,"['AIZ', 'AON']"
157,"['AIZ', 'ARE']"
158,"['AIZ', 'BR']"
159,"['AIZ', 'BX']"
160,"['AIZ', 'DOV']"
161,"['AIZ', 'EA']"
162,"['AIZ', 'EW']"
163,"['AIZ', 'HLT']"
164,"['AIZ', 'J']"
165,"['AIZ', 'JBHT']"
166,"['AIZ', 'LEN']"
167,"['AIZ', 'MAA']"
168,"['AIZ', 'MMC']"
169,"['AJG', 'AME']"
170,"['AJG', 'AON']"
171,"['AJG', 'AWK']"
172,"['AJG', 'DOV']"
173,"['AJG', 'EA']"
174,"['AJG', 'ETN']"
175,"['AJG', 'GOOG']"
176,"['AJG', 'GOOGL']"
177,"['AJG', 'GRMN']"
178,"['AJG', 'IEX']"
179,"['AJG', 'ILMN']"
180,"['AJG', 'J']"
181,"['AJG', 'JBHT']"
182,"['AJG', 'KMX']"
183,"['AJG', 'LEN']"
184,"['AJG', 'MCK']"
185,"['AKAM', 'AMGN']"
186,"['AKAM', 'BALL']"
187,"['AKAM', 'CSGP']"
188,"['AKAM', 'DGX']"
189,"['AKAM', 'DLR']"
190,"['AKAM', 'ECL']"
191,"['AKAM', 'EW']"
192,"['AKAM', 'FIS']"
193,"['AKAM', 'FMC']"
194,"['AKAM', 'ICE']"
195,"['AKAM', 'JNJ']"
196,"['AKAM', 'LDOS']"
197,"['AKAM', 'LMT']"
198,"['AKAM', 'MMC']"
199,"['ALB', 'AXON']"
200,"['ALB', 'CAT']"
201,"['ALB', 'ELV']"
202,"['ALB', 'ILMN']"
203,"['ALB', 'LH']"
204,"['ALGN', 'BKNG']"
205,"['ALK', 'BDX']"
206,"['ALK', 'CMA']"
207,"['ALK', 'CVX']"
208,"['ALK', 'GD']"
209,"['ALK', 'HAS']"
210,"['ALL', 'ALLE']"
211,"['ALL', 'BDX']"
212,"['ALL', 'CBRE']"
213,"['ALL', 'CPT']"
214,"['ALL', 'FTNT']"
215,"['ALL', 'HLT']"
216,"['ALL', 'JCI']"
217,"['ALL', 'MDT']"
218,"['ALLE', 'AON']"
219,"['ALLE', 'BDX']"
220,"['ALLE', 'EW']"
221,"['ALLE', 'HLT']"
222,"['ALLE', 'LHX']"
223,"['AMAT', 'AVY']"
224,"['AMAT', 'AXON']"
225,"['AMAT', 'CAT']"
226,"['AMAT', 'COO']"
227,"['AMAT', 'EFX']"
228,"['AMAT', 'ELV']"
229,"['AMAT', 'HUBB']"
230,"['AMAT', 'ILMN']"
231,"['AMAT', 'IQV']"
232,"['AMAT', 'LH']"
233,"['AMAT', 'LLY']"
234,"['AMAT', 'MCK']"
235,"['AMCR', 'BDX']"
236,"['AMCR', 'BSX']"
237,"['AMCR', 'EVRG']"
238,"['AMCR', 'IBM']"
239,"['AMCR', 'LVS']"
240,"['AMD', 'AMGN']"
241,"['AMD', 'AWK']"
242,"['AMD', 'CDAY']"
243,"['AMD', 'CRM']"
244,"['AMD', 'CTLT']"
245,"['AMD', 'DVA']"
246,"['AMD', 'EA']"
247,"['AMD', 'MCK']"
248,"['AME', 'AON']"
249,"['AME', 'BR']"
250,"['AME', 'DHI']"
251,"['AME', 'DOV']"
252,"['AME', 'GOOGL']"
253,"['AME', 'J']"
254,"['AME', 'KMX']"
255,"['AME', 'LEN']"
256,"['AME', 'MCD']"
257,"['AME', 'MCK']"
258,"['AMGN', 'ARE']"
259,"['AMGN', 'AWK']"
260,"['AMGN', 'BBY']"
261,"['AMGN', 'CCI']"
262,"['AMGN', 'CDAY']"
263,"['AMGN', 'DLR']"
264,"['AMGN', 'DVA']"
265,"['AMGN', 'DXCM']"
266,"['AMGN', 'EA']"
267,"['AMGN', 'GPN']"
268,"['AMGN', 'MCK']"
269,"['AMP', 'AVY']"
270,"['AMP', 'AXON']"
271,"['AMP', 'CAT']"
272,"['AMP', 'COO']"
273,"['AMP', 'ELV']"
274,"['AMP', 'ILMN']"
275,"['AMP', 'IQV']"
276,"['AMP', 'ISRG']"
277,"['AMP', 'LH']"
278,"['AMP', 'LLY']"
279,"['AMT', 'EA']"
280,"['AMT', 'FDS']"
281,"['AMZN', 'CRM']"
282,"['ANET', 'AOS']"
283,"['ANET', 'BBWI']"
284,"['ANET', 'BG']"
285,"['ANET', 'CB']"
286,"['ANET', 'DTE']"
287,"['ANET', 'GM']"
288,"['ANET', 'GPC']"
289,"['ANET', 'HES']"
290,"['ANET', 'IFF']"
291,"['ANET', 'JNJ']"
292,"['ANET', 'MMM']"
293,"['ANSS', 'CTAS']"
294,"['ANSS', 'LULU']"
295,"['AON', 'ARE']"
296,"['AON', 'AWK']"
297,"['AON', 'BX']"
298,"['AON', 'CCI']"
299,"['AON', 'CDW']"
300,"['AON', 'CTLT']"
301,"['AON', 'DHI']"
302,"['AON', 'DOV']"
303,"['AON', 'EA']"
304,"['AON', 'ECL']"
305,"['AON', 'GOOG']"
306,"['AON', 'GOOGL']"
307,"['AON', 'GPN']"
308,"['AON', 'GRMN']"
309,"['AON', 'HSY']"
310,"['AON', 'HUBB']"
311,"['AON', 'IEX']"
312,"['AON', 'J']"
313,"['AON', 'JBHT']"
314,"['AON', 'KEYS']"
315,"['AON', 'KMX']"
316,"['AON', 'LEN']"
317,"['AON', 'LHX']"
318,"['AON', 'MAA']"
319,"['AON', 'MCD']"
320,"['AON', 'MCK']"
321,"['AOS', 'APH']"
322,"['AOS', 'BDX']"
323,"['AOS', 'CHD']"
324,"['AOS', 'CHRW']"
325,"['AOS', 'CMCSA']"
326,"['AOS', 'DTE']"
327,"['AOS', 'EG']"
328,"['AOS', 'FCX']"
329,"['AOS', 'FTNT']"
330,"['AOS', 'GLW']"
331,"['AOS', 'GPC']"
332,"['AOS', 'HSIC']"
333,"['AOS', 'IBM']"
334,"['AOS', 'IFF']"
335,"['AOS', 'IP']"
336,"['AOS', 'IR']"
337,"['AOS', 'JCI']"
338,"['AOS', 'JNJ']"
339,"['AOS', 'LKQ']"
340,"['AOS', 'LYV']"
341,"['AOS', 'MNST']"
342,"['APA', 'BDX']"
343,"['APA', 'HAL']"
344,"['APD', 'DG']"
345,"['APD', 'DHR']"
346,"['APD', 'FDS']"
347,"['APD', 'HD']"
348,"['APD', 'MA']"
349,"['APH', 'BDX']"
350,"['APH', 'FCX']"
351,"['APH', 'IR']"
352,"['APH', 'JNJ']"
353,"['APTV', 'DIS']"
354,"['APTV', 'ELV']"
355,"['APTV', 'HCA']"
356,"['APTV', 'HON']"
357,"['APTV', 'HUBB']"
358,"['APTV', 'IEX']"
359,"['APTV', 'ILMN']"
360,"['APTV', 'LH']"
361,"['APTV', 'MCK']"
362,"['ARE', 'AWK']"
363,"['ARE', 'CDAY']"
364,"['ARE', 'EA']"
365,"['ARE', 'ECL']"
366,"['ARE', 'EW']"
367,"['ARE', 'HSY']"
368,"['ARE', 'KMX']"
369,"['ARE', 'MCK']"
370,"['ARE', 'MMC']"
371,"['ATO', 'BAX']"
372,"['ATO', 'BDX']"
373,"['ATO', 'CBOE']"
374,"['ATO', 'ED']"
375,"['ATO', 'EVRG']"
376,"['ATO', 'FE']"
377,"['ATO', 'IBM']"
378,"['ATO', 'INCY']"
379,"['ATO', 'LVS']"
380,"['AVB', 'CINF']"
381,"['AVB', 'CME']"
382,"['AVB', 'EG']"
383,"['AVB', 'GD']"
384,"['AVB', 'MAR']"
385,"['AVY', 'CAT']"
386,"['AVY', 'COO']"
387,"['AVY', 'ELV']"
388,"['AVY', 'ILMN']"
389,"['AVY', 'IQV']"
390,"['AVY', 'LH']"
391,"['AWK', 'BBY']"
392,"['AWK', 'CDAY']"
393,"['AWK', 'DOV']"
394,"['AWK', 'EA']"
395,"['AWK', 'ECL']"
396,"['AWK', 'FMC']"
397,"['AWK', 'GPN']"
398,"['AWK', 'KMX']"
399,"['AWK', 'MCD']"
400,"['AWK', 'MCK']"
401,"['AXON', 'CAT']"
402,"['AXON', 'COO']"
403,"['AXON', 'EFX']"
404,"['AXON', 'ELV']"
405,"['AXON', 'GWW']"
406,"['AXON', 'HD']"
407,"['AXON', 'ILMN']"
408,"['AXON', 'IQV']"
409,"['AXON', 'ISRG']"
410,"['AXON', 'LH']"
411,"['AXON', 'LLY']"
412,"['AXON', 'LOW']"
413,"['AXP', 'DFS']"
414,"['AXP', 'EXR']"
415,"['AXP', 'MHK']"
416,"['AZO', 'BKNG']"
417,"['BAC', 'BDX']"
418,"['BAC', 'BWA']"
419,"['BAC', 'DLTR']"
420,"['BAC', 'GL']"
421,"['BAC', 'HSIC']"
422,"['BAC', 'IBM']"
423,"['BAC', 'IFF']"
424,"['BAC', 'IPG']"
425,"['BAC', 'IRM']"
426,"['BAC', 'LW']"
427,"['BAC', 'MGM']"
428,"['BALL', 'BDX']"
429,"['BALL', 'ECL']"
430,"['BALL', 'FMC']"
431,"['BALL', 'MCHP']"
432,"['BAX', 'BDX']"
433,"['BAX', 'CMS']"
434,"['BAX', 'CPB']"
435,"['BAX', 'D']"
436,"['BAX', 'ES']"
437,"['BAX', 'EVRG']"
438,"['BAX', 'INCY']"
439,"['BAX', 'INTC']"
440,"['BAX', 'LNT']"
441,"['BBWI', 'CB']"
442,"['BBWI', 'CZR']"
443,"['BBWI', 'GPC']"
444,"['BBWI', 'JNJ']"
445,"['BBY', 'CDAY']"
446,"['BBY', 'COR']"
447,"['BBY', 'DGX']"
448,"['BBY', 'DHI']"
449,"['BBY', 'EA']"
450,"['BBY', 'FMC']"
451,"['BBY', 'JNJ']"
452,"['BBY', 'LEN']"
453,"['BDX', 'BEN']"
454,"['BDX', 'BG']"
455,"['BDX', 'BIIB']"
456,"['BDX', 'BK']"
457,"['BDX', 'BKR']"
458,"['BDX', 'BMY']"
459,"['BDX', 'BRO']"
460,"['BDX', 'BSX']"
461,"['BDX', 'BWA']"
462,"['BDX', 'BXP']"
463,"['BDX', 'C']"
464,"['BDX', 'CAG']"
465,"['BDX', 'CAH']"
466,"['BDX', 'CB']"
467,"['BDX', 'CBOE']"
468,"['BDX', 'CBRE']"
469,"['BDX', 'CF']"
470,"['BDX', 'CFG']"
471,"['BDX', 'CHD']"
472,"['BDX', 'CHRW']"
473,"['BDX', 'CL']"
474,"['BDX', 'CMCSA']"
475,"['BDX', 'CME']"
476,"['BDX', 'CMS']"
477,"['BDX', 'CNC']"
478,"['BDX', 'CNP']"
479,"['BDX', 'COP']"
480,"['BDX', 'COR']"
481,"['BDX', 'CPB']"
482,"['BDX', 'CPRT']"
483,"['BDX', 'CPT']"
484,"['BDX', 'CSCO']"
485,"['BDX', 'CSX']"
486,"['BDX', 'CTRA']"
487,"['BDX', 'CTSH']"
488,"['BDX', 'CVS']"
489,"['BDX', 'CVX']"
490,"['BDX', 'D']"
491,"['BDX', 'DAL']"
492,"['BDX', 'DGX']"
493,"['BDX', 'DLR']"
494,"['BDX', 'DLTR']"
495,"['BDX', 'DTE']"
496,"['BDX', 'DUK']"
497,"['BDX', 'DVN']"
498,"['BDX', 'EA']"
499,"['BDX', 'EBAY']"
500,"['BDX', 'ED']"
501,"['BDX', 'EG']"
502,"['BDX', 'EIX']"
503,"['BDX', 'EMR']"
504,"['BDX', 'EQR']"
505,"['BDX', 'EQT']"
506,"['BDX', 'ES']"
507,"['BDX', 'ETR']"
508,"['BDX', 'EVRG']"
509,"['BDX', 'EXC']"
510,"['BDX', 'F']"
511,"['BDX', 'GE']"
512,"['BDX', 'FCX']"
513,"['BDX', 'FE']"
514,"['BDX', 'FI']"
515,"['BDX', 'FIS']"
516,"['BDX', 'FITB']"
517,"['BDX', 'FMC']"
518,"['BDX', 'FTNT']"
519,"['BDX', 'FTV']"
520,"['BDX', 'GD']"
521,"['BDX', 'FAST']"
522,"['BDX', 'GEN']"
523,"['BDX', 'GILD']"
524,"['BDX', 'GIS']"
525,"['BDX', 'GL']"
526,"['BDX', 'GLW']"
527,"['BDX', 'GM']"
528,"['BDX', 'GPC']"
529,"['BDX', 'HAL']"
530,"['BDX', 'HAS']"
531,"['BDX', 'HBAN']"
532,"['BDX', 'HES']"
533,"['BDX', 'HIG']"
534,"['BDX', 'HPE']"
535,"['BDX', 'HPQ']"
536,"['BDX', 'HRL']"
537,"['BDX', 'HSIC']"
538,"['BDX', 'HST']"
539,"['BDX', 'HWM']"
540,"['BDX', 'IBM']"
541,"['BDX', 'ICE']"
542,"['BDX', 'IFF']"
543,"['BDX', 'INCY']"
544,"['BDX', 'INTC']"
545,"['BDX', 'INVH']"
546,"['BDX', 'IP']"
547,"['BDX', 'IPG']"
548,"['BDX', 'IR']"
549,"['BDX', 'IRM']"
550,"['BDX', 'IVZ']"
551,"['BDX', 'JCI']"
552,"['BDX', 'JKHY']"
553,"['BDX', 'JNJ']"
554,"['BDX', 'JNPR']"
555,"['BDX', 'K']"
556,"['BDX', 'KDP']"
557,"['BDX', 'KEY']"
558,"['BDX', 'KHC']"
559,"['BDX', 'KIM']"
560,"['BDX', 'KMB']"
561,"['BDX', 'KMI']"
562,"['BDX', 'KO']"
563,"['BDX', 'KR']"
564,"['BDX', 'L']"
565,"['BDX', 'LDOS']"
566,"['BDX', 'LKQ']"
567,"['BDX', 'LNT']"
568,"['BDX', 'LUV']"
569,"['BDX', 'LVS']"
570,"['BDX', 'LW']"
571,"['BDX', 'LYB']"
572,"['BDX', 'LYV']"
573,"['BDX', 'MAS']"
574,"['BDX', 'MCHP']"
575,"['BDX', 'MDLZ']"
576,"['BDX', 'MDT']"
577,"['BDX', 'MET']"
578,"['BDX', 'MGM']"
579,"['BDX', 'MKC']"
580,"['BDX', 'MNST']"
581,"['BEN', 'BK']"
582,"['BEN', 'C']"
583,"['BEN', 'CSCO']"
584,"['BEN', 'DLTR']"
585,"['BEN', 'DVN']"
586,"['BEN', 'HSIC']"
587,"['BEN', 'IBM']"
588,"['BEN', 'IFF']"
589,"['BEN', 'LVS']"
590,"['BG', 'CB']"
591,"['BG', 'DTE']"
592,"['BG', 'EMR']"
593,"['BG', 'GM']"
594,"['BG', 'GPC']"
595,"['BG', 'LYB']"
596,"['BG', 'LYV']"
597,"['BIIB', 'CI']"
598,"['BIIB', 'CNC']"
599,"['BIIB', 'CVS']"
600,"['BIIB', 'KHC']"
601,"['BIIB', 'MMM']"
602,"['BIO', 'CHTR']"
603,"['BK', 'BKR']"
604,"['BK', 'C']"
605,"['BK', 'CF']"
606,"['BK', 'CNP']"
607,"['BK', 'CSCO']"
608,"['BK', 'EVRG']"
609,"['BK', 'EXC']"
610,"['BK', 'HPE']"
611,"['BK', 'HSIC']"
612,"['BK', 'IFF']"
613,"['BK', 'JNPR']"
614,"['BK', 'KDP']"
615,"['BK', 'KIM']"
616,"['BK', 'LVS']"
617,"['BK', 'LW']"
618,"['BKNG', 'BLK']"
619,"['BKNG', 'DE']"
620,"['BKNG', 'EPAM']"
621,"['BKNG', 'GNRC']"
622,"['BKNG', 'IDXX']"
623,"['BKNG', 'LRCX']"
624,"['BKR', 'CNP']"
625,"['BKR', 'EIX']"
626,"['BKR', 'HST']"
627,"['BKR', 'IBM']"
628,"['BKR', 'LVS']"
629,"['BLK', 'GNRC']"
630,"['BLK', 'IDXX']"
631,"['BLK', 'LRCX']"
632,"['BMY', 'CAG']"
633,"['BMY', 'CAH']"
634,"['BMY', 'KR']"
635,"['BR', 'DGX']"
636,"['BR', 'DHI']"
637,"['BR', 'EA']"
638,"['BR', 'FSLR']"
639,"['BR', 'KMX']"
640,"['BR', 'LEN']"
641,"['BR', 'MCK']"
642,"['BRO', 'CL']"
643,"['BRO', 'MKC']"
644,"['BSX', 'EIX']"
645,"['BSX', 'EVRG']"
646,"['BSX', 'EXC']"
647,"['BSX', 'F']"
648,"['BSX', 'HAL']"
649,"['BSX', 'HBAN']"
650,"['BSX', 'HPE']"
651,"['BSX', 'IBM']"
652,"['BSX', 'IFF']"
653,"['BSX', 'JNPR']"
654,"['BSX', 'KEY']"
655,"['BSX', 'KIM']"
656,"['BSX', 'KMI']"
657,"['BSX', 'LVS']"
658,"['BWA', 'CAH']"
659,"['BWA', 'CHRW']"
660,"['BWA', 'CMS']"
661,"['BWA', 'CSX']"
662,"['BWA', 'DLTR']"
663,"['BWA', 'DTE']"
664,"['BWA', 'FITB']"
665,"['BWA', 'FTV']"
666,"['BWA', 'GL']"
667,"['BWA', 'GLW']"
668,"['BWA', 'HPQ']"
669,"['BWA', 'HSIC']"
670,"['BWA', 'IBM']"
671,"['BWA', 'IFF']"
672,"['BWA', 'INVH']"
673,"['BWA', 'IPG']"
674,"['BWA', 'IRM']"
675,"['BWA', 'IVZ']"
676,"['BWA', 'KDP']"
677,"['BWA', 'LNT']"
678,"['BWA', 'LW']"
679,"['BX', 'J']"
680,"['BXP', 'CVX']"
681,"['BXP', 'FRT']"
682,"['C', 'CBOE']"
683,"['C', 'HAS']"
684,"['C', 'HIG']"
685,"['C', 'IBM']"
686,"['C', 'IFF']"
687,"['C', 'L']"
688,"['C', 'LW']"
689,"['CAG', 'CAH']"
690,"['CAG', 'CPB']"
691,"['CAG', 'HRL']"
692,"['CAG', 'HSIC']"
693,"['CAG', 'IBM']"
694,"['CAG', 'KDP']"
695,"['CAG', 'KR']"
696,"['CAG', 'MKC']"
697,"['CAH', 'CMS']"
698,"['CAH', 'CNC']"
699,"['CAH', 'CPB']"
700,"['CAH', 'CSX']"
701,"['CAH', 'DUK']"
702,"['CAH', 'F']"
703,"['CAH', 'GEN']"
704,"['CAH', 'HPQ']"
705,"['CAH', 'HRL']"
706,"['CAH', 'HSIC']"
707,"['CAH', 'INTC']"
708,"['CAH', 'INVH']"
709,"['CAH', 'IPG']"
710,"['CAH', 'IRM']"
711,"['CAH', 'JKHY']"
712,"['CAH', 'K']"
713,"['CAH', 'KDP']"
714,"['CAH', 'KO']"
715,"['CAH', 'KR']"
716,"['CAH', 'LNT']"
717,"['CAH', 'LW']"
718,"['CAT', 'COO']"
719,"['CAT', 'ELV']"
720,"['CAT', 'ILMN']"
721,"['CAT', 'IQV']"
722,"['CAT', 'LH']"
723,"['CB', 'CBRE']"
724,"['CB', 'CINF']"
725,"['CB', 'CME']"
726,"['CB', 'CPT']"
727,"['CB', 'DLTR']"
728,"['CB', 'DRI']"
729,"['CB', 'FCX']"
730,"['CB', 'GE']"
731,"['CB', 'GM']"
732,"['CB', 'HES']"
733,"['CB', 'HIG']"
734,"['CB', 'HLT']"
735,"['CB', 'JCI']"
736,"['CB', 'LYB']"
737,"['CB', 'LYV']"
738,"['CB', 'MAR']"
739,"['CB', 'MET']"
740,"['CB', 'MGM']"
741,"['CBOE', 'CVX']"
742,"['CBOE', 'EQR']"
743,"['CBOE', 'FE']"
744,"['CBOE', 'GD']"
745,"['CBOE', 'GL']"
746,"['CBOE', 'HAS']"
747,"['CBOE', 'HES']"
748,"['CBOE', 'HIG']"
749,"['CBOE', 'IBM']"
750,"['CBOE', 'IFF']"
751,"['CBOE', 'L']"
752,"['CBOE', 'LW']"
753,"['CBRE', 'DGX']"
754,"['CBRE', 'HLT']"
755,"['CBRE', 'MDT']"
756,"['CCI', 'EA']"
757,"['CCI', 'MCK']"
758,"['CDAY', 'DGX']"
759,"['CDAY', 'DHI']"
760,"['CDAY', 'EA']"
761,"['CDAY', 'FMC']"
762,"['CDAY', 'LEN']"
763,"['CDAY', 'MCK']"
764,"['CDNS', 'CRM']"
765,"['CDNS', 'ILMN']"
766,"['CDNS', 'ITW']"
767,"['CDNS', 'MCK']"
768,"['CDW', 'ELV']"
769,"['CDW', 'HON']"
770,"['CDW', 'HUBB']"
771,"['CDW', 'KEYS']"
772,"['CDW', 'MCK']"
773,"['CE', 'CZR']"
774,"['CE', 'ILMN']"
775,"['CE', 'KMX']"
776,"['CF', 'CFG']"
777,"['CF', 'DLTR']"
778,"['CF', 'GD']"
779,"['CF', 'GE']"
780,"['CF', 'HAS']"
781,"['CF', 'HSIC']"
782,"['CF', 'IBM']"
783,"['CF', 'IFF']"
784,"['CF', 'IVZ']"
785,"['CF', 'L']"
786,"['CF', 'LUV']"
787,"['CF', 'MGM']"
788,"['CFG', 'DLTR']"
789,"['CFG', 'DTE']"
790,"['CFG', 'DUK']"
791,"['CFG', 'GL']"
792,"['CFG', 'HAS']"
793,"['CFG', 'HSIC']"
794,"['CFG', 'HWM']"
795,"['CFG', 'IBM']"
796,"['CFG', 'IFF']"
797,"['CFG', 'IVZ']"
798,"['CFG', 'LW']"
799,"['CFG', 'MGM']"
800,"['CHD', 'COR']"
801,"['CHD', 'EBAY']"
802,"['CHD', 'FAST']"
803,"['CHD', 'INCY']"
804,"['CHD', 'IR']"
805,"['CHD', 'MAS']"
806,"['CHD', 'MKC']"
807,"['CHRW', 'CTSH']"
808,"['CHRW', 'FTV']"
809,"['CHRW', 'GLW']"
810,"['CHTR', 'EQIX']"
811,"['CI', 'ILMN']"
812,"['CINF', 'CME']"
813,"['CINF', 'EG']"
814,"['CINF', 'MAR']"
815,"['CL', 'CPRT']"
816,"['CL', 'IR']"
817,"['CL', 'MNST']"
818,"['CLX', 'EA']"
819,"['CMA', 'MMM']"
820,"['CMCSA', 'CPRT']"
821,"['CMCSA', 'DLTR']"
822,"['CMCSA', 'DTE']"
823,"['CMCSA', 'DUK']"
824,"['CMCSA', 'EG']"
825,"['CMCSA', 'IBM']"
826,"['CMCSA', 'IP']"
827,"['CMCSA', 'IR']"
828,"['CME', 'EG']"
829,"['CME', 'IBM']"
830,"['CME', 'LHX']"
831,"['CME', 'MAR']"
832,"['CMI', 'COO']"
833,"['CMI', 'CRM']"
834,"['CMI', 'ILMN']"
835,"['CMI', 'ISRG']"
836,"['CMI', 'LIN']"
837,"['CMI', 'LOW']"
838,"['CMS', 'CPB']"
839,"['CMS', 'D']"
840,"['CMS', 'IBM']"
841,"['CMS', 'INCY']"
842,"['CMS', 'INTC']"
843,"['CMS', 'LVS']"
844,"['CNC', 'GILD']"
845,"['CNC', 'HPQ']"
846,"['CNC', 'IFF']"
847,"['CNC', 'KHC']"
848,"['CNP', 'HAL']"
849,"['CNP', 'HST']"
850,"['CNP', 'IBM']"
851,"['CNP', 'IFF']"
852,"['CNP', 'LVS']"
853,"['COF', 'ELV']"
854,"['COF', 'HCA']"
855,"['COF', 'ILMN']"
856,"['COF', 'MHK']"
857,"['COO', 'EFX']"
858,"['COO', 'EL']"
859,"['COO', 'ELV']"
860,"['COO', 'HD']"
861,"['COO', 'ILMN']"
862,"['COO', 'ITW']"
863,"['COO', 'KEYS']"
864,"['COO', 'LH']"
865,"['COO', 'LIN']"
866,"['COO', 'MA']"
867,"['COO', 'MCK']"
868,"['COO', 'MHK']"
869,"['COO', 'MLM']"
870,"['COR', 'DGX']"
871,"['COR', 'DHI']"
872,"['COR', 'DLR']"
873,"['COR', 'EA']"
874,"['COR', 'EBAY']"
875,"['COR', 'FTNT']"
876,"['COR', 'ICE']"
877,"['COR', 'JNJ']"
878,"['COR', 'MCHP']"
879,"['COR', 'MDT']"
880,"['COST', 'CTAS']"
881,"['COST', 'EL']"
882,"['COST', 'MA']"
883,"['COST', 'MCO']"
884,"['COST', 'META']"
885,"['CPB', 'D']"
886,"['CPB', 'ES']"
887,"['CPB', 'INCY']"
888,"['CPB', 'INTC']"
889,"['CPB', 'LNT']"
890,"['CPB', 'LVS']"
891,"['CPRT', 'GL']"
892,"['CPRT', 'IBM']"
893,"['CPRT', 'MDLZ']"
894,"['CPRT', 'MKC']"
895,"['CPT', 'HES']"
896,"['CRL', 'INTU']"
897,"['CRM', 'DG']"
898,"['CRM', 'DHR']"
899,"['CRM', 'FDS']"
900,"['CRM', 'HUM']"
901,"['CRM', 'IEX']"
902,"['CRM', 'ISRG']"
903,"['CRM', 'ITW']"
904,"['CRM', 'LIN']"
905,"['CRM', 'LOW']"
906,"['CSCO', 'DLTR']"
907,"['CSCO', 'GL']"
908,"['CSCO', 'HSIC']"
909,"['CSCO', 'IBM']"
910,"['CSCO', 'IFF']"
911,"['CSCO', 'LVS']"
912,"['CSGP', 'DGX']"
913,"['CSGP', 'EA']"
914,"['CSGP', 'ECL']"
915,"['CSGP', 'FMC']"
916,"['CSGP', 'MCK']"
917,"['CSX', 'DLTR']"
918,"['CSX', 'HSIC']"
919,"['CSX', 'IBM']"
920,"['CSX', 'IFF']"
921,"['CSX', 'KDP']"
922,"['CSX', 'LVS']"
923,"['CTAS', 'DHR']"
924,"['CTAS', 'MA']"
925,"['CTAS', 'META']"
926,"['CTLT', 'EA']"
927,"['CTLT', 'IEX']"
928,"['CTLT', 'ILMN']"
929,"['CTLT', 'MCK']"
930,"['CTRA', 'IBM']"
931,"['CTRA', 'LVS']"
932,"['CTSH', 'EQT']"
933,"['CTSH', 'FTV']"
934,"['CTSH', 'GLW']"
935,"['CVS', 'IBM']"
936,"['CVS', 'IFF']"
937,"['CVS', 'LKQ']"
938,"['CVS', 'LW']"
939,"['CVX', 'DAL']"
940,"['CVX', 'FRT']"
941,"['CVX', 'HAS']"
942,"['CVX', 'IFF']"
943,"['CVX', 'LUV']"
944,"['CZR', 'ELV']"
945,"['CZR', 'EMN']"
946,"['CZR', 'HCA']"
947,"['CZR', 'ILMN']"
948,"['CZR', 'KMX']"
949,"['CZR', 'LEN']"
950,"['D', 'HRL']"
951,"['D', 'INCY']"
952,"['D', 'INTC']"
953,"['D', 'K']"
954,"['D', 'LVS']"
955,"['DAL', 'HAS']"
956,"['DD', 'GD']"
957,"['DD', 'IFF']"
958,"['DE', 'ENPH']"
959,"['DFS', 'DRI']"
960,"['DG', 'FDS']"
961,"['DGX', 'DHI']"
962,"['DGX', 'DLR']"
963,"['DGX', 'EA']"
964,"['DGX', 'EBAY']"
965,"['DGX', 'ECL']"
966,"['DGX', 'EW']"
967,"['DGX', 'FMC']"
968,"['DGX', 'FTNT']"
969,"['DGX', 'ICE']"
970,"['DGX', 'JNJ']"
971,"['DGX', 'KMX']"
972,"['DGX', 'LEN']"
973,"['DGX', 'MCHP']"
974,"['DGX', 'MCK']"
975,"['DGX', 'MDT']"
976,"['DGX', 'MMC']"
977,"['DHI', 'DOV']"
978,"['DHI', 'EA']"
979,"['DHI', 'J']"
980,"['DHI', 'JBHT']"
981,"['DHI', 'LEN']"
982,"['DHI', 'MMC']"
983,"['DHR', 'HD']"
984,"['DHR', 'ILMN']"
985,"['DHR', 'LIN']"
986,"['DHR', 'MA']"
987,"['DHR', 'META']"
988,"['DIS', 'HON']"
989,"['DIS', 'ILMN']"
990,"['DIS', 'KMX']"
991,"['DIS', 'MCD']"
992,"['DIS', 'MCK']"
993,"['DIS', 'MHK']"
994,"['DLR', 'EA']"
995,"['DLR', 'EBAY']"
996,"['DLR', 'ECL']"
997,"['DLR', 'FIS']"
998,"['DLR', 'FMC']"
999,"['DLR', 'JKHY']"
1000,"['DLR', 'JNJ']"
1001,"['DLTR', 'DTE']"
1002,"['DLTR', 'DUK']"
1003,"['DLTR', 'FITB']"
1004,"['DLTR', 'FTV']"
1005,"['DLTR', 'GL']"
1006,"['DLTR', 'GLW']"
1007,"['DLTR', 'GM']"
1008,"['DLTR', 'HAS']"
1009,"['DLTR', 'HIG']"
1010,"['DLTR', 'HSIC']"
1011,"['DLTR', 'HWM']"
1012,"['DLTR', 'IBM']"
1013,"['DLTR', 'KDP']"
1014,"['DLTR', 'KIM']"
1015,"['DLTR', 'L']"
1016,"['DLTR', 'LVS']"
1017,"['DLTR', 'LYV']"
1018,"['DLTR', 'MET']"
1019,"['DOV', 'EA']"
1020,"['DOV', 'GOOG']"
1021,"['DOV', 'GOOGL']"
1022,"['DOV', 'GRMN']"
1023,"['DOV', 'J']"
1024,"['DOV', 'KMX']"
1025,"['DOV', 'LEN']"
1026,"['DOV', 'MCK']"
1027,"['DPZ', 'HUM']"
1028,"['DPZ', 'META']"
1029,"['DRI', 'EXPE']"
1030,"['DRI', 'GD']"
1031,"['DRI', 'GE']"
1032,"['DRI', 'LYB']"
1033,"['DRI', 'MAR']"
1034,"['DRI', 'MHK']"
1035,"['DRI', 'MMM']"
1036,"['DTE', 'DUK']"
1037,"['DTE', 'FITB']"
1038,"['DTE', 'GE']"
1039,"['DTE', 'GL']"
1040,"['DTE', 'GM']"
1041,"['DTE', 'HAS']"
1042,"['DTE', 'HES']"
1043,"['DTE', 'HIG']"
1044,"['DTE', 'HWM']"
1045,"['DTE', 'IBM']"
1046,"['DTE', 'IFF']"
1047,"['DTE', 'IP']"
1048,"['DTE', 'IR']"
1049,"['DTE', 'IRM']"
1050,"['DTE', 'IVZ']"
1051,"['DTE', 'LKQ']"
1052,"['DTE', 'LYB']"
1053,"['DTE', 'LYV']"
1054,"['DTE', 'MET']"
1055,"['DTE', 'MGM']"
1056,"['DUK', 'GL']"
1057,"['DUK', 'HSIC']"
1058,"['DUK', 'IBM']"
1059,"['DUK', 'IFF']"
1060,"['DUK', 'INVH']"
1061,"['DUK', 'IP']"
1062,"['DUK', 'IR']"
1063,"['DUK', 'LKQ']"
1064,"['DUK', 'LVS']"
1065,"['DUK', 'LYB']"
1066,"['DUK', 'MDLZ']"
1067,"['DUK', 'MET']"
1068,"['DUK', 'MGM']"
1069,"['DVA', 'EA']"
1070,"['DVA', 'GOOGL']"
1071,"['DVA', 'ILMN']"
1072,"['DVA', 'JBHT']"
1073,"['DVA', 'MCK']"
1074,"['DVN', 'IBM']"
1075,"['DVN', 'IFF']"
1076,"['DVN', 'LUV']"
1077,"['DXCM', 'EA']"
1078,"['EA', 'ECL']"
1079,"['EA', 'FMC']"
1080,"['EA', 'GPN']"
1081,"['EA', 'HOLX']"
1082,"['EA', 'ICE']"
1083,"['EA', 'JKHY']"
1084,"['EA', 'JNJ']"
1085,"['EA', 'LDOS']"
1086,"['EA', 'LEN']"
1087,"['EA', 'MCK']"
1088,"['EA', 'MKC']"
1089,"['EA', 'MMC']"
1090,"['EBAY', 'JKHY']"
1091,"['EBAY', 'JNJ']"
1092,"['ECL', 'FIS']"
1093,"['ECL', 'HSY']"
1094,"['ECL', 'KEYS']"
1095,"['ECL', 'KMX']"
1096,"['ECL', 'MCK']"
1097,"['ED', 'EIX']"
1098,"['ED', 'FE']"
1099,"['ED', 'HAS']"
1100,"['ED', 'LVS']"
1101,"['EFX', 'ELV']"
1102,"['EFX', 'HD']"
1103,"['EFX', 'ILMN']"
1104,"['EFX', 'IQV']"
1105,"['EFX', 'ISRG']"
1106,"['EFX', 'LH']"
1107,"['EFX', 'LLY']"
1108,"['EG', 'GM']"
1109,"['EG', 'LYV']"
1110,"['EIX', 'EVRG']"
1111,"['EIX', 'F']"
1112,"['EIX', 'FE']"
1113,"['EIX', 'HAL']"
1114,"['EIX', 'HAS']"
1115,"['EIX', 'HBAN']"
1116,"['EIX', 'HPE']"
1117,"['EIX', 'HST']"
1118,"['EIX', 'IBM']"
1119,"['EIX', 'KEY']"
1120,"['EIX', 'KIM']"
1121,"['EIX', 'KMI']"
1122,"['EIX', 'LVS']"
1123,"['EL', 'MA']"
1124,"['EL', 'MLM']"
1125,"['ELV', 'ETN']"
1126,"['ELV', 'EXR']"
1127,"['ELV', 'FDX']"
1128,"['ELV', 'GOOG']"
1129,"['ELV', 'GOOGL']"
1130,"['ELV', 'GRMN']"
1131,"['ELV', 'GS']"
1132,"['ELV', 'HCA']"
1133,"['ELV', 'IEX']"
1134,"['ELV', 'ILMN']"
1135,"['ELV', 'IQV']"
1136,"['ELV', 'ISRG']"
1137,"['ELV', 'IT']"
1138,"['ELV', 'KEYS']"
1139,"['ELV', 'LH']"
1140,"['ELV', 'LLY']"
1141,"['ELV', 'LOW']"
1142,"['ELV', 'MHK']"
1143,"['EMN', 'JNJ']"
1144,"['EMR', 'FCX']"
1145,"['EMR', 'JNJ']"
1146,"['ENPH', 'GWW']"
1147,"['ENPH', 'HUM']"
1148,"['ENPH', 'META']"
1149,"['EPAM', 'GNRC']"
1150,"['EQR', 'HAS']"
1151,"['EQR', 'IBM']"
1152,"['EQT', 'FTV']"
1153,"['EQT', 'HSIC']"
1154,"['EQT', 'IBM']"
1155,"['EQT', 'IFF']"
1156,"['EQT', 'KDP']"
1157,"['ES', 'FI']"
1158,"['ES', 'FIS']"
1159,"['ES', 'GIS']"
1160,"['ES', 'INCY']"
1161,"['ES', 'LVS']"
1162,"['ETN', 'GOOG']"
1163,"['ETN', 'GOOGL']"
1164,"['ETN', 'GRMN']"
1165,"['ETN', 'IEX']"
1166,"['ETN', 'ILMN']"
1167,"['ETN', 'JBHT']"
1168,"['ETN', 'LH']"
1169,"['ETN', 'MCK']"
1170,"['ETR', 'INCY']"
1171,"['ETR', 'LVS']"
1172,"['ETSY', 'GWW']"
1173,"['EVRG', 'F']"
1174,"['EVRG', 'HBAN']"
1175,"['EVRG', 'HPE']"
1176,"['EVRG', 'IBM']"
1177,"['EVRG', 'IFF']"
1178,"['EVRG', 'INTC']"
1179,"['EVRG', 'KEY']"
1180,"['EVRG', 'KIM']"
1181,"['EVRG', 'KMI']"
1182,"['EVRG', 'KO']"
1183,"['EVRG', 'LVS']"
1184,"['EVRG', 'LW']"
1185,"['EW', 'FMC']"
1186,"['EW', 'HSY']"
1187,"['EW', 'ICE']"
1188,"['EW', 'MCD']"
1189,"['EW', 'MMC']"
1190,"['EXC', 'HAL']"
1191,"['EXC', 'HBAN']"
1192,"['EXC', 'HPE']"
1193,"['EXC', 'HST']"
1194,"['EXC', 'IBM']"
1195,"['EXC', 'IFF']"
1196,"['EXC', 'JNPR']"
1197,"['EXC', 'KIM']"
1198,"['EXC', 'KMI']"
1199,"['EXC', 'LVS']"
1200,"['EXPD', 'GOOGL']"
1201,"['EXPD', 'KMX']"
1202,"['EXPE', 'MHK']"
1203,"['EXR', 'IEX']"
1204,"['EXR', 'MAA']"
1205,"['F', 'FTV']"
1206,"['F', 'GL']"
1207,"['F', 'HSIC']"
1208,"['F', 'IBM']"
1209,"['F', 'IFF']"
1210,"['F', 'JNPR']"
1211,"['F', 'KDP']"
1212,"['F', 'KEY']"
1213,"['F', 'LVS']"
1214,"['F', 'LW']"
1215,"['FAST', 'HOLX']"
1216,"['FAST', 'MAS']"
1217,"['FAST', 'MKC']"
1218,"['FCX', 'GM']"
1219,"['FCX', 'IBM']"
1220,"['FCX', 'JNJ']"
1221,"['FCX', 'MDT']"
1222,"['FDX', 'ILMN']"
1223,"['FE', 'LVS']"
1224,"['FI', 'LDOS']"
1225,"['FIS', 'FMC']"
1226,"['FIS', 'JKHY']"
1227,"['FIS', 'KMB']"
1228,"['FIS', 'LDOS']"
1229,"['FITB', 'GL']"
1230,"['FITB', 'HSIC']"
1231,"['FITB', 'IBM']"
1232,"['FITB', 'IFF']"
1233,"['FITB', 'IPG']"
1234,"['FITB', 'IRM']"
1235,"['FITB', 'LW']"
1236,"['FITB', 'MGM']"
1237,"['FMC', 'HOLX']"
1238,"['FMC', 'ICE']"
1239,"['FSLR', 'JNJ']"
1240,"['FTNT', 'JNJ']"
1241,"['FTV', 'GLW']"
1242,"['FTV', 'HPQ']"
1243,"['FTV', 'HSIC']"
1244,"['FTV', 'IFF']"
1245,"['FTV', 'IVZ']"
1246,"['GD', 'GE']"
1247,"['GD', 'HAS']"
1248,"['GD', 'HES']"
1249,"['GE', 'HES']"
1250,"['GE', 'IFF']"
1251,"['GE', 'LYB']"
1252,"['GE', 'LYV']"
1253,"['GE', 'MAR']"
1254,"['GEN', 'IBM']"
1255,"['GEN', 'INCY']"
1256,"['GEN', 'INTC']"
1257,"['GEN', 'KR']"
1258,"['GILD', 'GL']"
1259,"['GILD', 'IBM']"
1260,"['GILD', 'IFF']"
1261,"['GILD', 'INTC']"
1262,"['GILD', 'K']"
1263,"['GILD', 'LVS']"
1264,"['GIS', 'INCY']"
1265,"['GIS', 'JKHY']"
1266,"['GIS', 'MKC']"
1267,"['GL', 'GLW']"
1268,"['GL', 'HAS']"
1269,"['GL', 'HBAN']"
1270,"['GL', 'HIG']"
1271,"['GL', 'HPE']"
1272,"['GL', 'HPQ']"
1273,"['GL', 'HSIC']"
1274,"['GL', 'HST']"
1275,"['GL', 'HWM']"
1276,"['GL', 'IBM']"
1277,"['GL', 'INTC']"
1278,"['GL', 'INVH']"
1279,"['GL', 'IPG']"
1280,"['GL', 'IRM']"
1281,"['GL', 'IVZ']"
1282,"['GL', 'KDP']"
1283,"['GL', 'KEY']"
1284,"['GL', 'KIM']"
1285,"['GL', 'KO']"
1286,"['GL', 'LKQ']"
1287,"['GL', 'LVS']"
1288,"['GL', 'LW']"
1289,"['GL', 'MGM']"
1290,"['GLW', 'HPQ']"
1291,"['GLW', 'HSIC']"
1292,"['GLW', 'IBM']"
1293,"['GLW', 'IFF']"
1294,"['GLW', 'IP']"
1295,"['GM', 'GPC']"
1296,"['GM', 'IBM']"
1297,"['GM', 'IFF']"
1298,"['GM', 'LYB']"
1299,"['GM', 'LYV']"
1300,"['GOOG', 'GRMN']"
1301,"['GOOG', 'HUBB']"
1302,"['GOOG', 'IEX']"
1303,"['GOOG', 'ILMN']"
1304,"['GOOG', 'J']"
1305,"['GOOG', 'JBHT']"
1306,"['GOOG', 'LH']"
1307,"['GOOG', 'MCK']"
1308,"['GOOGL', 'HUBB']"
1309,"['GOOGL', 'IEX']"
1310,"['GOOGL', 'ILMN']"
1311,"['GOOGL', 'J']"
1312,"['GOOGL', 'JBHT']"
1313,"['GOOGL', 'KMX']"
1314,"['GOOGL', 'LEN']"
1315,"['GOOGL', 'MCK']"
1316,"['GPC', 'HES']"
1317,"['GPC', 'JCI']"
1318,"['GPC', 'LYV']"
1319,"['GPC', 'MMM']"
1320,"['GPN', 'MCK']"
1321,"['GRMN', 'HUBB']"
1322,"['GRMN', 'IEX']"
1323,"['GRMN', 'ILMN']"
1324,"['GRMN', 'JBHT']"
1325,"['GRMN', 'KEYS']"
1326,"['GRMN', 'MCD']"
1327,"['GRMN', 'MCK']"
1328,"['GS', 'ILMN']"
1329,"['GWW', 'ILMN']"
1330,"['GWW', 'ISRG']"
1331,"['GWW', 'META']"
1332,"['HAL', 'HBAN']"
1333,"['HAL', 'HPE']"
1334,"['HAL', 'HST']"
1335,"['HAL', 'KDP']"
1336,"['HAL', 'KIM']"
1337,"['HAL', 'LUV']"
1338,"['HAL', 'MKC']"
1339,"['HAS', 'HIG']"
1340,"['HAS', 'IBM']"
1341,"['HAS', 'L']"
1342,"['HAS', 'LUV']"
1343,"['HAS', 'LVS']"
1344,"['HAS', 'MAR']"
1345,"['HBAN', 'HPE']"
1346,"['HBAN', 'HSIC']"
1347,"['HBAN', 'IBM']"
1348,"['HBAN', 'JNPR']"
1349,"['HBAN', 'LVS']"
1350,"['HBAN', 'LW']"
1351,"['HCA', 'ILMN']"
1352,"['HCA', 'IT']"
1353,"['HCA', 'LH']"
1354,"['HCA', 'MHK']"
1355,"['HD', 'ILMN']"
1356,"['HD', 'ISRG']"
1357,"['HD', 'LIN']"
1358,"['HD', 'MA']"
1359,"['HD', 'META']"
1360,"['HES', 'HIG']"
1361,"['HES', 'IBM']"
1362,"['HES', 'IFF']"
1363,"['HES', 'LYB']"
1364,"['HES', 'LYV']"
1365,"['HES', 'MAR']"
1366,"['HES', 'MGM']"
1367,"['HIG', 'HSIC']"
1368,"['HIG', 'HWM']"
1369,"['HIG', 'IBM']"
1370,"['HIG', 'IFF']"
1371,"['HIG', 'LYV']"
1372,"['HLT', 'MDT']"
1373,"['HOLX', 'MCHP']"
1374,"['HOLX', 'MKC']"
1375,"['HON', 'IEX']"
1376,"['HON', 'LH']"
1377,"['HON', 'MCK']"
1378,"['HON', 'MHK']"
1379,"['HPE', 'HSIC']"
1380,"['HPE', 'HST']"
1381,"['HPE', 'IBM']"
1382,"['HPE', 'LVS']"
1383,"['HPE', 'LW']"
1384,"['HPQ', 'HSIC']"
1385,"['HPQ', 'IBM']"
1386,"['HPQ', 'IFF']"
1387,"['HPQ', 'IPG']"
1388,"['HPQ', 'IRM']"
1389,"['HPQ', 'LW']"
1390,"['HRL', 'INCY']"
1391,"['HRL', 'INTC']"
1392,"['HRL', 'LVS']"
1393,"['HSIC', 'HWM']"
1394,"['HSIC', 'IBM']"
1395,"['HSIC', 'IFF']"
1396,"['HSIC', 'INVH']"
1397,"['HSIC', 'IP']"
1398,"['HSIC', 'IPG']"
1399,"['HSIC', 'IRM']"
1400,"['HSIC', 'IVZ']"
1401,"['HSIC', 'KDP']"
1402,"['HSIC', 'KEY']"
1403,"['HSIC', 'KIM']"
1404,"['HSIC', 'KO']"
1405,"['HSIC', 'LKQ']"
1406,"['HSIC', 'LVS']"
1407,"['HSIC', 'LW']"
1408,"['HSIC', 'MET']"
1409,"['HSIC', 'MGM']"
1410,"['HST', 'IBM']"
1411,"['HST', 'JNPR']"
1412,"['HST', 'LVS']"
1413,"['HSY', 'LHX']"
1414,"['HSY', 'MCD']"
1415,"['HSY', 'MCK']"
1416,"['HUBB', 'IEX']"
1417,"['HUBB', 'ILMN']"
1418,"['HUBB', 'J']"
1419,"['HUBB', 'JBHT']"
1420,"['HUBB', 'KEYS']"
1421,"['HUBB', 'KMX']"
1422,"['HUBB', 'LH']"
1423,"['HUBB', 'MCK']"
1424,"['HWM', 'IBM']"
1425,"['HWM', 'IFF']"
1426,"['HWM', 'LVS']"
1427,"['HWM', 'LW']"
1428,"['HWM', 'MGM']"
1429,"['IBM', 'IFF']"
1430,"['IBM', 'INVH']"
1431,"['IBM', 'IP']"
1432,"['IBM', 'IPG']"
1433,"['IBM', 'IR']"
1434,"['IBM', 'IRM']"
1435,"['IBM', 'IVZ']"
1436,"['IBM', 'JCI']"
1437,"['IBM', 'JNPR']"
1438,"['IBM', 'K']"
1439,"['IBM', 'KDP']"
1440,"['IBM', 'KEY']"
1441,"['IBM', 'KIM']"
1442,"['IBM', 'KMI']"
1443,"['IBM', 'KO']"
1444,"['IBM', 'KR']"
1445,"['IBM', 'L']"
1446,"['IBM', 'LKQ']"
1447,"['IBM', 'LNT']"
1448,"['IBM', 'LW']"
1449,"['IBM', 'MDLZ']"
1450,"['IBM', 'MET']"
1451,"['IBM', 'MGM']"
1452,"['ICE', 'JNJ']"
1453,"['ICE', 'KMX']"
1454,"['ICE', 'MCHP']"
1455,"['ICE', 'MCK']"
1456,"['ICE', 'MMC']"
1457,"['IEX', 'J']"
1458,"['IEX', 'JBHT']"
1459,"['IEX', 'KEYS']"
1460,"['IEX', 'KMX']"
1461,"['IEX', 'LH']"
1462,"['IEX', 'MCK']"
1463,"['IFF', 'INVH']"
1464,"['IFF', 'IP']"
1465,"['IFF', 'IPG']"
1466,"['IFF', 'IRM']"
1467,"['IFF', 'IVZ']"
1468,"['IFF', 'JNPR']"
1469,"['IFF', 'KEY']"
1470,"['IFF', 'L']"
1471,"['IFF', 'LKQ']"
1472,"['IFF', 'LW']"
1473,"['IFF', 'LYB']"
1474,"['IFF', 'MET']"
1475,"['IFF', 'MGM']"
1476,"['ILMN', 'IQV']"
1477,"['ILMN', 'ISRG']"
1478,"['ILMN', 'IT']"
1479,"['ILMN', 'ITW']"
1480,"['ILMN', 'JBHT']"
1481,"['ILMN', 'KEYS']"
1482,"['ILMN', 'LH']"
1483,"['ILMN', 'LIN']"
1484,"['ILMN', 'LLY']"
1485,"['ILMN', 'LOW']"
1486,"['ILMN', 'MHK']"
1487,"['INCY', 'INTC']"
1488,"['INCY', 'JKHY']"
1489,"['INCY', 'KMB']"
1490,"['INCY', 'MKC']"
1491,"['INTC', 'INVH']"
1492,"['INTC', 'KDP']"
1493,"['INTC', 'KO']"
1494,"['INTC', 'KR']"
1495,"['INTC', 'LNT']"
1496,"['INTC', 'LW']"
1497,"['INTC', 'MDLZ']"
1498,"['INVH', 'KDP']"
1499,"['IP', 'IRM']"
1500,"['IP', 'LW']"
1501,"['IP', 'MET']"
1502,"['IPG', 'IRM']"
1503,"['IPG', 'LW']"
1504,"['IQV', 'LH']"
1505,"['IQV', 'MHK']"
1506,"['IR', 'MKC']"
1507,"['IR', 'MNST']"
1508,"['IRM', 'LW']"
1509,"['IRM', 'MGM']"
1510,"['ISRG', 'LH']"
1511,"['ISRG', 'LIN']"
1512,"['ISRG', 'LLY']"
1513,"['ISRG', 'LOW']"
1514,"['ISRG', 'META']"
1515,"['ITW', 'LOW']"
1516,"['ITW', 'MCK']"
1517,"['IVZ', 'KDP']"
1518,"['IVZ', 'LW']"
1519,"['J', 'JBHT']"
1520,"['J', 'KMX']"
1521,"['J', 'LEN']"
1522,"['J', 'MAA']"
1523,"['J', 'MCK']"
1524,"['JBHT', 'KMX']"
1525,"['JBHT', 'LEN']"
1526,"['JBHT', 'MCK']"
1527,"['JCI', 'MDT']"
1528,"['JKHY', 'KMB']"
1529,"['JNJ', 'LEN']"
1530,"['JNJ', 'MCHP']"
1531,"['JNJ', 'MDT']"
1532,"['JNPR', 'LVS']"
1533,"['K', 'LVS']"
1534,"['KDP', 'LVS']"
1535,"['KEY', 'KIM']"
1536,"['KEY', 'LVS']"
1537,"['KEY', 'LW']"
1538,"['KEYS', 'KMX']"
1539,"['KEYS', 'MCK']"
1540,"['KIM', 'LVS']"
1541,"['KIM', 'LW']"
1542,"['KMB', 'MKC']"
1543,"['KMI', 'LVS']"
1544,"['KMX', 'LEN']"
1545,"['KMX', 'LHX']"
1546,"['KMX', 'MAA']"
1547,"['KMX', 'MCD']"
1548,"['KMX', 'MCK']"
1549,"['KO', 'LVS']"
1550,"['KO', 'LW']"
1551,"['KR', 'LW']"
1552,"['L', 'LUV']"
1553,"['L', 'LVS']"
1554,"['LEN', 'MMC']"
1555,"['LH', 'LLY']"
1556,"['LH', 'LOW']"
1557,"['LHX', 'MAA']"
1558,"['LIN', 'MA']"
1559,"['LNT', 'LVS']"
1560,"['LVS', 'LW']"
1561,"['LVS', 'MKC']"
1562,"['LW', 'MGM']"
1563,"['LYB', 'MGM']"
1564,"['LYB', 'MMM']"
1565,"['LYV', 'MAR']"
1566,"['MA', 'META']"
1567,"['MAS', 'MKC']"
1568,"['MCD', 'MCK']"
1569,"['MCHP', 'MDT']"
1570,"['MCO', 'META']"
1571,"['MET', 'MGM']"
1572,"['MKC', 'MNST']"
